Google,https://www.google.com
YouTube,https://www.youtube.com
Facebook,https://www.facebook.com
Instagram,https://www.instagram.com
WhatsApp,https://www.whatsapp.com
X (Twitter),https://www.x.com
Wikipedia,https://www.wikipedia.org
Amazon,https://www.amazon.com
Netflix,https://www.netflix.com
LinkedIn,https://www.linkedin.com
Reddit,https://www.reddit.com
TikTok,https://www.tiktok.com
Pinterest,https://www.pinterest.com
Microsoft,https://www.microsoft.com
Apple,https://www.apple.com
GitHub,https://www.github.com
Stack Overflow,https://www.stackoverflow.com
ChatGPT (OpenAI),https://chat.openai.com
Twitch,https://www.twitch.tv
Discord,https://www.discord.com
Zoom,https://www.zoom.us
Quora,https://www.quora.com
Medium,https://www.medium.com
Spotify,https://www.spotify.com
Etsy,https://www.etsy.com
eBay,https://www.ebay.com
Walmart,https://www.walmart.com
AliExpress,https://www.aliexpress.com
Adobe,https://www.adobe.com
Canva,https://www.canva.com
Dropbox,https://www.dropbox.com
Google Drive,https://drive.google.com
Slack,https://www.slack.com
Trello,https://www.trello.com
Notion,https://www.notion.so
Salesforce,https://www.salesforce.com
HubSpot,https://www.hubspot.com
Mailchimp,https://www.mailchimp.com
The New York Times,https://www.nytimes.com
BBC News,https://www.bbc.com
CNN,https://www.cnn.com
The Guardian,https://www.theguardian.com
Forbes,https://www.forbes.com
Bloomberg,https://www.bloomberg.com
Reuters,https://www.reuters.com
TechCrunch,https://www.techcrunch.com
The Verge,https://www.theverge.com
Wired,https://www.wired.com
CNET,https://www.cnet.com
Engadget,https://www.engadget.com
Yahoo,https://www.yahoo.com
Bing,https://www.bing.com
DuckDuckGo,https://www.duckduckgo.com
Baidu,https://www.baidu.com
Yandex,https://www.yandex.com
Booking.com,https://www.booking.com
Airbnb,https://www.airbnb.com
TripAdvisor,https://www.tripadvisor.com
Expedia,https://www.expedia.com
Uber,https://www.uber.com
Lyft,https://www.lyft.com
DoorDash,https://www.doordash.com
Instacart,https://www.instacart.com
Coursera,https://www.coursera.org
Udemy,https://www.udemy.com
Khan Academy,https://www.khanacademy.org
edX,https://www.edx.org
Duolingo,https://www.duolingo.com
Grammarly,https://www.grammarly.com
Twilio,https://www.twilio.com
Stripe,https://www.stripe.com
PayPal,https://www.paypal.com
Shopify,https://www.shopify.com
Wix,https://www.wix.com
Squarespace,https://www.squarespace.com
WordPress.org,https://www.wordpress.org
Blogger,https://www.blogger.com
Tumblr,https://www.tumblr.com
Flickr,https://www.flickr.com
Vimeo,https://www.vimeo.com
SoundCloud,https://www.soundcloud.com
DailyMotion,https://www.dailymotion.com
Hulu,https://www.hulu.com
Disney+,https://www.disneyplus.com
Twitch,https://www.twitch.tv
Steam,https://store.steampowered.com
Epic Games,https://www.epicgames.com
Roblox,https://www.roblox.com
Twitch,https://www.twitch.tv
Goodreads,https://www.goodreads.com
IMDb,https://www.imdb.com
Rotten Tomatoes,https://www.rottentomatoes.com
Metacritic,https://www.metacritic.com
Pinterest,https://www.pinterest.com
Behance,https://www.behance.net
Dribbble,https://www.dribbble.com
Unsplash,https://www.unsplash.com
Pexels,https://www.pexels.com
Pixabay,https://www.pixabay.com
Shutterstock,https://www.shutterstock.com
Getty Images,https://www.gettyimages.com
Wayfair,https://www.wayfair.com
Target,https://www.target.com
Best Buy,https://www.bestbuy.com
Home Depot,https://www.homedepot.com
IKEA,https://www.ikea.com
Nike,https://www.nike.com
Adidas,https://www.adidas.com
Zillow,https://www.zillow.com
Realtor.com,https://www.realtor.com
Redfin,https://www.redfin.com
WebMD,https://www.webmd.com
Healthline,https://www.healthline.com
Mayo Clinic,https://www.mayoclinic.org
National Geographic,https://www.nationalgeographic.com
NASA,https://www.nasa.gov
SpaceX,https://www.spacex.com
Tesla,https://www.tesla.com
Fitbit,https://www.fitbit.com
Garmin,https://www.garmin.com
Speedtest,https://www.speedtest.net
Imgur,https://www.imgur.com
GIPHY,https://www.giphy.com
Product Hunt,https://www.producthunt.com
Hacker News,https://news.ycombinator.com
Dev.to,https://dev.to
Hashnode,https://hashnode.com
CodePen,https://www.codepen.io
FreeCodeCamp,https://www.freecodecamp.org
LeetCode,https://leetcode.com
GeeksforGeeks,https://www.geeksforgeeks.org
W3Schools,https://www.w3schools.com
MDN Web Docs,https://developer.mozilla.org
DigitalOcean,https://www.digitalocean.com
Heroku,https://www.heroku.com
AWS,https://aws.amazon.com
Google Cloud,https://cloud.google.com
Cloudflare,https://www.cloudflare.com
Namecheap,https://www.namecheap.com
GoDaddy,https://www.godaddy.com
Bluehost,https://www.bluehost.com
SiteGround,https://www.siteground.com
Bitly,https://www.bitly.com
Buffer,https://www.buffer.com
Hootsuite,https://www.hootsuite.com
Sprout Social,https://www.sproutsocial.com
Zendesk,https://www.zendesk.com
Intercom,https://www.intercom.com
SurveyMonkey,https://www.surveymonkey.com
Typeform,https://www.typeform.com
Calendly,https://www.calendly.com
DocuSign,https://www.docusign.com
LastPass,https://www.lastpass.com
1Password,https://www.1password.com
Dashlane,https://www.dashlane.com
NordVPN,https://www.nordvpn.com
ExpressVPN,https://www.expressvpn.com
ProtonMail,https://www.proton.me
DuckDuckGo,https://www.duckduckgo.com
Brave Browser,https://www.brave.com
Opera,https://www.opera.com
Mozilla,https://www.mozilla.org
VLC,https://www.videolan.org
WinRAR,https://www.win-rar.com
7-Zip,https://www.7-zip.org
Malwarebytes,https://www.malwarebytes.com
Avast,https://www.avast.com
Bitdefender,https://www.bitdefender.com
Norton,https://www.norton.com
McAfee,https://www.mcafee.com
Evernote,https://www.evernote.com
Todoist,https://www.todoist.com
Any.do,https://www.any.do
Pocket,https://www.getpocket.com
Feedly,https://www.feedly.com
Flipboard,https://www.flipboard.com
Al Jazeera,https://www.aljazeera.com
CNBC,https://www.cnbc.com
Wall Street Journal,https://www.wsj.com
Financial Times,https://www.ft.com
The Economist,https://www.economist.com
Time,https://www.time.com
National Public Radio,https://www.npr.org
PBS,https://www.pbs.org
BBC Sports,https://www.bbc.com/sport
ESPN,https://www.espn.com
Bleacher Report,https://www.bleacherreport.com
FIFA,https://www.fifa.com
NBA,https://www.nba.com
NFL,https://www.nfl.com
Olympics,https://www.olympics.com
The Weather Channel,https://www.weather.com
AccuWeather,https://www.accuweather.com
Dictionary.com,https://www.dictionary.com
Thesaurus.com,https://www.thesaurus.com
Urban Dictionary,https://www.urbandictionary.com
Investopedia,https://www.investopedia.com
Wolfram Alpha,https://www.wolframalpha.com
Instructables,https://www.instructables.com
WikiHow,https://www.wikihow.com
Fandom,https://www.fandom.com
Archive.org,https://www.archive.org